"specimenID","assay","platform","dnaBatch","sequencingBatch","libraryPrep","libraryPreparationMethod","readLength","runType","totalReads","numberCells","260/280","260/230","GQN"
68411,"wholeGenomeSeq","HiSeqX",NA,NA,NA,NA,NA,NA,NA,NA,NA,NA,NA
68416,"wholeGenomeSeq","HiSeqX",NA,NA,NA,NA,NA,NA,NA,NA,NA,NA,NA
68419,"wholeGenomeSeq","HiSeqX",NA,NA,NA,NA,NA,NA,NA,NA,NA,NA,NA
68420,"wholeGenomeSeq","HiSeqX",NA,NA,NA,NA,NA,NA,NA,NA,NA,NA,NA
68422,"wholeGenomeSeq","HiSeqX",NA,NA,NA,NA,NA,NA,NA,NA,NA,NA,NA
68423,"wholeGenomeSeq","HiSeqX",NA,NA,NA,NA,NA,NA,NA,NA,NA,NA,NA
68424,"wholeGenomeSeq","HiSeqX",NA,NA,NA,NA,NA,NA,NA,NA,NA,NA,NA
68425,"wholeGenomeSeq","HiSeqX",NA,NA,NA,NA,NA,NA,NA,NA,NA,NA,NA
68427,"wholeGenomeSeq","HiSeqX",NA,NA,NA,NA,NA,NA,NA,NA,NA,NA,NA
68428,"wholeGenomeSeq","HiSeqX",NA,NA,NA,NA,NA,NA,NA,NA,NA,NA,NA
68430,"wholeGenomeSeq","HiSeqX",NA,NA,NA,NA,NA,NA,NA,NA,NA,NA,NA
68431,"wholeGenomeSeq","HiSeqX",NA,NA,NA,NA,NA,NA,NA,NA,NA,NA,NA
68433,"wholeGenomeSeq","HiSeqX",NA,NA,NA,NA,NA,NA,NA,NA,NA,NA,NA
68434,"wholeGenomeSeq","HiSeqX",NA,NA,NA,NA,NA,NA,NA,NA,NA,NA,NA
68435,"wholeGenomeSeq","HiSeqX",NA,NA,NA,NA,NA,NA,NA,NA,NA,NA,NA
68454,"wholeGenomeSeq","HiSeqX",NA,NA,NA,NA,NA,NA,NA,NA,NA,NA,NA
68455,"wholeGenomeSeq","HiSeqX",NA,NA,NA,NA,NA,NA,NA,NA,NA,NA,NA
68515,"wholeGenomeSeq","HiSeqX",NA,NA,NA,NA,NA,NA,NA,NA,NA,NA,NA
68522,"wholeGenomeSeq","HiSeqX",NA,NA,NA,NA,NA,NA,NA,NA,NA,NA,NA
68586,"wholeGenomeSeq","HiSeqX",NA,NA,NA,NA,NA,NA,NA,NA,NA,NA,NA
68622,"wholeGenomeSeq","HiSeqX",NA,NA,NA,NA,NA,NA,NA,NA,NA,NA,NA
68624,"wholeGenomeSeq","HiSeqX",NA,NA,NA,NA,NA,NA,NA,NA,NA,NA,NA
68637,"wholeGenomeSeq","HiSeqX",NA,NA,NA,NA,NA,NA,NA,NA,NA,NA,NA
68658,"wholeGenomeSeq","HiSeqX",NA,NA,NA,NA,NA,NA,NA,NA,NA,NA,NA
68682,"wholeGenomeSeq","HiSeqX",NA,NA,NA,NA,NA,NA,NA,NA,NA,NA,NA
70460,"wholeGenomeSeq","HiSeqX",NA,NA,NA,NA,NA,NA,NA,NA,NA,NA,NA
70475,"wholeGenomeSeq","HiSeqX",NA,NA,NA,NA,NA,NA,NA,NA,NA,NA,NA
70485,"wholeGenomeSeq","HiSeqX",NA,NA,NA,NA,NA,NA,NA,NA,NA,NA,NA
70490,"wholeGenomeSeq","HiSeqX",NA,NA,NA,NA,NA,NA,NA,NA,NA,NA,NA
70524,"wholeGenomeSeq","HiSeqX",NA,NA,NA,NA,NA,NA,NA,NA,NA,NA,NA
70539,"wholeGenomeSeq","HiSeqX",NA,NA,NA,NA,NA,NA,NA,NA,NA,NA,NA
70546,"wholeGenomeSeq","HiSeqX",NA,NA,NA,NA,NA,NA,NA,NA,NA,NA,NA
70568,"wholeGenomeSeq","HiSeqX",NA,NA,NA,NA,NA,NA,NA,NA,NA,NA,NA
70579,"wholeGenomeSeq","HiSeqX",NA,NA,NA,NA,NA,NA,NA,NA,NA,NA,NA
70594,"wholeGenomeSeq","HiSeqX",NA,NA,NA,NA,NA,NA,NA,NA,NA,NA,NA
70609,"wholeGenomeSeq","HiSeqX",NA,NA,NA,NA,NA,NA,NA,NA,NA,NA,NA
70614,"wholeGenomeSeq","HiSeqX",NA,NA,NA,NA,NA,NA,NA,NA,NA,NA,NA
70635,"wholeGenomeSeq","HiSeqX",NA,NA,NA,NA,NA,NA,NA,NA,NA,NA,NA
70640,"wholeGenomeSeq","HiSeqX",NA,NA,NA,NA,NA,NA,NA,NA,NA,NA,NA
70659,"wholeGenomeSeq","HiSeqX",NA,NA,NA,NA,NA,NA,NA,NA,NA,NA,NA
70665,"wholeGenomeSeq","HiSeqX",NA,NA,NA,NA,NA,NA,NA,NA,NA,NA,NA
70672,"wholeGenomeSeq","HiSeqX",NA,NA,NA,NA,NA,NA,NA,NA,NA,NA,NA
70688,"wholeGenomeSeq","HiSeqX",NA,NA,NA,NA,NA,NA,NA,NA,NA,NA,NA
70696,"wholeGenomeSeq","HiSeqX",NA,NA,NA,NA,NA,NA,NA,NA,NA,NA,NA
71673,"wholeGenomeSeq","HiSeqX",NA,NA,NA,NA,NA,NA,NA,NA,NA,NA,NA
71674,"wholeGenomeSeq","HiSeqX",NA,NA,NA,NA,NA,NA,NA,NA,NA,NA,NA
71675,"wholeGenomeSeq","HiSeqX",NA,NA,NA,NA,NA,NA,NA,NA,NA,NA,NA
71677,"wholeGenomeSeq","HiSeqX",NA,NA,NA,NA,NA,NA,NA,NA,NA,NA,NA
71679,"wholeGenomeSeq","HiSeqX",NA,NA,NA,NA,NA,NA,NA,NA,NA,NA,NA
71684,"wholeGenomeSeq","HiSeqX",NA,NA,NA,NA,NA,NA,NA,NA,NA,NA,NA
71685,"wholeGenomeSeq","HiSeqX",NA,NA,NA,NA,NA,NA,NA,NA,NA,NA,NA
71686,"wholeGenomeSeq","HiSeqX",NA,NA,NA,NA,NA,NA,NA,NA,NA,NA,NA
71687,"wholeGenomeSeq","HiSeqX",NA,NA,NA,NA,NA,NA,NA,NA,NA,NA,NA
71688,"wholeGenomeSeq","HiSeqX",NA,NA,NA,NA,NA,NA,NA,NA,NA,NA,NA
71689,"wholeGenomeSeq","HiSeqX",NA,NA,NA,NA,NA,NA,NA,NA,NA,NA,NA
71690,"wholeGenomeSeq","HiSeqX",NA,NA,NA,NA,NA,NA,NA,NA,NA,NA,NA
71691,"wholeGenomeSeq","HiSeqX",NA,NA,NA,NA,NA,NA,NA,NA,NA,NA,NA
71692,"wholeGenomeSeq","HiSeqX",NA,NA,NA,NA,NA,NA,NA,NA,NA,NA,NA
71693,"wholeGenomeSeq","HiSeqX",NA,NA,NA,NA,NA,NA,NA,NA,NA,NA,NA
71694,"wholeGenomeSeq","HiSeqX",NA,NA,NA,NA,NA,NA,NA,NA,NA,NA,NA
71695,"wholeGenomeSeq","HiSeqX",NA,NA,NA,NA,NA,NA,NA,NA,NA,NA,NA
71697,"wholeGenomeSeq","HiSeqX",NA,NA,NA,NA,NA,NA,NA,NA,NA,NA,NA
71698,"wholeGenomeSeq","HiSeqX",NA,NA,NA,NA,NA,NA,NA,NA,NA,NA,NA
71699,"wholeGenomeSeq","HiSeqX",NA,NA,NA,NA,NA,NA,NA,NA,NA,NA,NA
71700,"wholeGenomeSeq","HiSeqX",NA,NA,NA,NA,NA,NA,NA,NA,NA,NA,NA
71701,"wholeGenomeSeq","HiSeqX",NA,NA,NA,NA,NA,NA,NA,NA,NA,NA,NA
71702,"wholeGenomeSeq","HiSeqX",NA,NA,NA,NA,NA,NA,NA,NA,NA,NA,NA
71703,"wholeGenomeSeq","HiSeqX",NA,NA,NA,NA,NA,NA,NA,NA,NA,NA,NA
71704,"wholeGenomeSeq","HiSeqX",NA,NA,NA,NA,NA,NA,NA,NA,NA,NA,NA
71705,"wholeGenomeSeq","HiSeqX",NA,NA,NA,NA,NA,NA,NA,NA,NA,NA,NA
71706,"wholeGenomeSeq","HiSeqX",NA,NA,NA,NA,NA,NA,NA,NA,NA,NA,NA
71708,"wholeGenomeSeq","HiSeqX",NA,NA,NA,NA,NA,NA,NA,NA,NA,NA,NA
71709,"wholeGenomeSeq","HiSeqX",NA,NA,NA,NA,NA,NA,NA,NA,NA,NA,NA
71710,"wholeGenomeSeq","HiSeqX",NA,NA,NA,NA,NA,NA,NA,NA,NA,NA,NA
71711,"wholeGenomeSeq","HiSeqX",NA,NA,NA,NA,NA,NA,NA,NA,NA,NA,NA
71712,"wholeGenomeSeq","HiSeqX",NA,NA,NA,NA,NA,NA,NA,NA,NA,NA,NA
71713,"wholeGenomeSeq","HiSeqX",NA,NA,NA,NA,NA,NA,NA,NA,NA,NA,NA
71714,"wholeGenomeSeq","HiSeqX",NA,NA,NA,NA,NA,NA,NA,NA,NA,NA,NA
71715,"wholeGenomeSeq","HiSeqX",NA,NA,NA,NA,NA,NA,NA,NA,NA,NA,NA
71716,"wholeGenomeSeq","HiSeqX",NA,NA,NA,NA,NA,NA,NA,NA,NA,NA,NA
71717,"wholeGenomeSeq","HiSeqX",NA,NA,NA,NA,NA,NA,NA,NA,NA,NA,NA
71718,"wholeGenomeSeq","HiSeqX",NA,NA,NA,NA,NA,NA,NA,NA,NA,NA,NA
71719,"wholeGenomeSeq","HiSeqX",NA,NA,NA,NA,NA,NA,NA,NA,NA,NA,NA
71720,"wholeGenomeSeq","HiSeqX",NA,NA,NA,NA,NA,NA,NA,NA,NA,NA,NA
71721,"wholeGenomeSeq","HiSeqX",NA,NA,NA,NA,NA,NA,NA,NA,NA,NA,NA
71722,"wholeGenomeSeq","HiSeqX",NA,NA,NA,NA,NA,NA,NA,NA,NA,NA,NA
71723,"wholeGenomeSeq","HiSeqX",NA,NA,NA,NA,NA,NA,NA,NA,NA,NA,NA
71724,"wholeGenomeSeq","HiSeqX",NA,NA,NA,NA,NA,NA,NA,NA,NA,NA,NA
71725,"wholeGenomeSeq","HiSeqX",NA,NA,NA,NA,NA,NA,NA,NA,NA,NA,NA
71726,"wholeGenomeSeq","HiSeqX",NA,NA,NA,NA,NA,NA,NA,NA,NA,NA,NA
71727,"wholeGenomeSeq","HiSeqX",NA,NA,NA,NA,NA,NA,NA,NA,NA,NA,NA
71728,"wholeGenomeSeq","HiSeqX",NA,NA,NA,NA,NA,NA,NA,NA,NA,NA,NA
71729,"wholeGenomeSeq","HiSeqX",NA,NA,NA,NA,NA,NA,NA,NA,NA,NA,NA
71730,"wholeGenomeSeq","HiSeqX",NA,NA,NA,NA,NA,NA,NA,NA,NA,NA,NA
71731,"wholeGenomeSeq","HiSeqX",NA,NA,NA,NA,NA,NA,NA,NA,NA,NA,NA
71732,"wholeGenomeSeq","HiSeqX",NA,NA,NA,NA,NA,NA,NA,NA,NA,NA,NA
71733,"wholeGenomeSeq","HiSeqX",NA,NA,NA,NA,NA,NA,NA,NA,NA,NA,NA
71734,"wholeGenomeSeq","HiSeqX",NA,NA,NA,NA,NA,NA,NA,NA,NA,NA,NA
71735,"wholeGenomeSeq","HiSeqX",NA,NA,NA,NA,NA,NA,NA,NA,NA,NA,NA
71736,"wholeGenomeSeq","HiSeqX",NA,NA,NA,NA,NA,NA,NA,NA,NA,NA,NA
71737,"wholeGenomeSeq","HiSeqX",NA,NA,NA,NA,NA,NA,NA,NA,NA,NA,NA
71738,"wholeGenomeSeq","HiSeqX",NA,NA,NA,NA,NA,NA,NA,NA,NA,NA,NA
71739,"wholeGenomeSeq","HiSeqX",NA,NA,NA,NA,NA,NA,NA,NA,NA,NA,NA
71740,"wholeGenomeSeq","HiSeqX",NA,NA,NA,NA,NA,NA,NA,NA,NA,NA,NA
71741,"wholeGenomeSeq","HiSeqX",NA,NA,NA,NA,NA,NA,NA,NA,NA,NA,NA
71742,"wholeGenomeSeq","HiSeqX",NA,NA,NA,NA,NA,NA,NA,NA,NA,NA,NA
71745,"wholeGenomeSeq","HiSeqX",NA,NA,NA,NA,NA,NA,NA,NA,NA,NA,NA
71746,"wholeGenomeSeq","HiSeqX",NA,NA,NA,NA,NA,NA,NA,NA,NA,NA,NA
71747,"wholeGenomeSeq","HiSeqX",NA,NA,NA,NA,NA,NA,NA,NA,NA,NA,NA
71748,"wholeGenomeSeq","HiSeqX",NA,NA,NA,NA,NA,NA,NA,NA,NA,NA,NA
71749,"wholeGenomeSeq","HiSeqX",NA,NA,NA,NA,NA,NA,NA,NA,NA,NA,NA
71750,"wholeGenomeSeq","HiSeqX",NA,NA,NA,NA,NA,NA,NA,NA,NA,NA,NA
71751,"wholeGenomeSeq","HiSeqX",NA,NA,NA,NA,NA,NA,NA,NA,NA,NA,NA
71752,"wholeGenomeSeq","HiSeqX",NA,NA,NA,NA,NA,NA,NA,NA,NA,NA,NA
71753,"wholeGenomeSeq","HiSeqX",NA,NA,NA,NA,NA,NA,NA,NA,NA,NA,NA
71754,"wholeGenomeSeq","HiSeqX",NA,NA,NA,NA,NA,NA,NA,NA,NA,NA,NA
71755,"wholeGenomeSeq","HiSeqX",NA,NA,NA,NA,NA,NA,NA,NA,NA,NA,NA
71756,"wholeGenomeSeq","HiSeqX",NA,NA,NA,NA,NA,NA,NA,NA,NA,NA,NA
71757,"wholeGenomeSeq","HiSeqX",NA,NA,NA,NA,NA,NA,NA,NA,NA,NA,NA
71758,"wholeGenomeSeq","HiSeqX",NA,NA,NA,NA,NA,NA,NA,NA,NA,NA,NA
71759,"wholeGenomeSeq","HiSeqX",NA,NA,NA,NA,NA,NA,NA,NA,NA,NA,NA
71760,"wholeGenomeSeq","HiSeqX",NA,NA,NA,NA,NA,NA,NA,NA,NA,NA,NA
71761,"wholeGenomeSeq","HiSeqX",NA,NA,NA,NA,NA,NA,NA,NA,NA,NA,NA
71762,"wholeGenomeSeq","HiSeqX",NA,NA,NA,NA,NA,NA,NA,NA,NA,NA,NA
71763,"wholeGenomeSeq","HiSeqX",NA,NA,NA,NA,NA,NA,NA,NA,NA,NA,NA
71764,"wholeGenomeSeq","HiSeqX",NA,NA,NA,NA,NA,NA,NA,NA,NA,NA,NA
71765,"wholeGenomeSeq","HiSeqX",NA,NA,NA,NA,NA,NA,NA,NA,NA,NA,NA
71766,"wholeGenomeSeq","HiSeqX",NA,NA,NA,NA,NA,NA,NA,NA,NA,NA,NA
71767,"wholeGenomeSeq","HiSeqX",NA,NA,NA,NA,NA,NA,NA,NA,NA,NA,NA
71768,"wholeGenomeSeq","HiSeqX",NA,NA,NA,NA,NA,NA,NA,NA,NA,NA,NA
71769,"wholeGenomeSeq","HiSeqX",NA,NA,NA,NA,NA,NA,NA,NA,NA,NA,NA
71770,"wholeGenomeSeq","HiSeqX",NA,NA,NA,NA,NA,NA,NA,NA,NA,NA,NA
71771,"wholeGenomeSeq","HiSeqX",NA,NA,NA,NA,NA,NA,NA,NA,NA,NA,NA
71772,"wholeGenomeSeq","HiSeqX",NA,NA,NA,NA,NA,NA,NA,NA,NA,NA,NA
71773,"wholeGenomeSeq","HiSeqX",NA,NA,NA,NA,NA,NA,NA,NA,NA,NA,NA
71774,"wholeGenomeSeq","HiSeqX",NA,NA,NA,NA,NA,NA,NA,NA,NA,NA,NA
71775,"wholeGenomeSeq","HiSeqX",NA,NA,NA,NA,NA,NA,NA,NA,NA,NA,NA
71776,"wholeGenomeSeq","HiSeqX",NA,NA,NA,NA,NA,NA,NA,NA,NA,NA,NA
71777,"wholeGenomeSeq","HiSeqX",NA,NA,NA,NA,NA,NA,NA,NA,NA,NA,NA
71778,"wholeGenomeSeq","HiSeqX",NA,NA,NA,NA,NA,NA,NA,NA,NA,NA,NA
71779,"wholeGenomeSeq","HiSeqX",NA,NA,NA,NA,NA,NA,NA,NA,NA,NA,NA
71780,"wholeGenomeSeq","HiSeqX",NA,NA,NA,NA,NA,NA,NA,NA,NA,NA,NA
71781,"wholeGenomeSeq","HiSeqX",NA,NA,NA,NA,NA,NA,NA,NA,NA,NA,NA
71782,"wholeGenomeSeq","HiSeqX",NA,NA,NA,NA,NA,NA,NA,NA,NA,NA,NA
71783,"wholeGenomeSeq","HiSeqX",NA,NA,NA,NA,NA,NA,NA,NA,NA,NA,NA
71784,"wholeGenomeSeq","HiSeqX",NA,NA,NA,NA,NA,NA,NA,NA,NA,NA,NA
71785,"wholeGenomeSeq","HiSeqX",NA,NA,NA,NA,NA,NA,NA,NA,NA,NA,NA
71786,"wholeGenomeSeq","HiSeqX",NA,NA,NA,NA,NA,NA,NA,NA,NA,NA,NA
71787,"wholeGenomeSeq","HiSeqX",NA,NA,NA,NA,NA,NA,NA,NA,NA,NA,NA
71789,"wholeGenomeSeq","HiSeqX",NA,NA,NA,NA,NA,NA,NA,NA,NA,NA,NA
71790,"wholeGenomeSeq","HiSeqX",NA,NA,NA,NA,NA,NA,NA,NA,NA,NA,NA
71791,"wholeGenomeSeq","HiSeqX",NA,NA,NA,NA,NA,NA,NA,NA,NA,NA,NA
71792,"wholeGenomeSeq","HiSeqX",NA,NA,NA,NA,NA,NA,NA,NA,NA,NA,NA
71793,"wholeGenomeSeq","HiSeqX",NA,NA,NA,NA,NA,NA,NA,NA,NA,NA,NA
71794,"wholeGenomeSeq","HiSeqX",NA,NA,NA,NA,NA,NA,NA,NA,NA,NA,NA
71795,"wholeGenomeSeq","HiSeqX",NA,NA,NA,NA,NA,NA,NA,NA,NA,NA,NA
71796,"wholeGenomeSeq","HiSeqX",NA,NA,NA,NA,NA,NA,NA,NA,NA,NA,NA
71797,"wholeGenomeSeq","HiSeqX",NA,NA,NA,NA,NA,NA,NA,NA,NA,NA,NA
71798,"wholeGenomeSeq","HiSeqX",NA,NA,NA,NA,NA,NA,NA,NA,NA,NA,NA
71799,"wholeGenomeSeq","HiSeqX",NA,NA,NA,NA,NA,NA,NA,NA,NA,NA,NA
71800,"wholeGenomeSeq","HiSeqX",NA,NA,NA,NA,NA,NA,NA,NA,NA,NA,NA
71801,"wholeGenomeSeq","HiSeqX",NA,NA,NA,NA,NA,NA,NA,NA,NA,NA,NA
71802,"wholeGenomeSeq","HiSeqX",NA,NA,NA,NA,NA,NA,NA,NA,NA,NA,NA
71803,"wholeGenomeSeq","HiSeqX",NA,NA,NA,NA,NA,NA,NA,NA,NA,NA,NA
71804,"wholeGenomeSeq","HiSeqX",NA,NA,NA,NA,NA,NA,NA,NA,NA,NA,NA
71805,"wholeGenomeSeq","HiSeqX",NA,NA,NA,NA,NA,NA,NA,NA,NA,NA,NA
71806,"wholeGenomeSeq","HiSeqX",NA,NA,NA,NA,NA,NA,NA,NA,NA,NA,NA
71807,"wholeGenomeSeq","HiSeqX",NA,NA,NA,NA,NA,NA,NA,NA,NA,NA,NA
71808,"wholeGenomeSeq","HiSeqX",NA,NA,NA,NA,NA,NA,NA,NA,NA,NA,NA
71809,"wholeGenomeSeq","HiSeqX",NA,NA,NA,NA,NA,NA,NA,NA,NA,NA,NA
71810,"wholeGenomeSeq","HiSeqX",NA,NA,NA,NA,NA,NA,NA,NA,NA,NA,NA
71811,"wholeGenomeSeq","HiSeqX",NA,NA,NA,NA,NA,NA,NA,NA,NA,NA,NA
71812,"wholeGenomeSeq","HiSeqX",NA,NA,NA,NA,NA,NA,NA,NA,NA,NA,NA
71813,"wholeGenomeSeq","HiSeqX",NA,NA,NA,NA,NA,NA,NA,NA,NA,NA,NA
71814,"wholeGenomeSeq","HiSeqX",NA,NA,NA,NA,NA,NA,NA,NA,NA,NA,NA
71815,"wholeGenomeSeq","HiSeqX",NA,NA,NA,NA,NA,NA,NA,NA,NA,NA,NA
71816,"wholeGenomeSeq","HiSeqX",NA,NA,NA,NA,NA,NA,NA,NA,NA,NA,NA
71817,"wholeGenomeSeq","HiSeqX",NA,NA,NA,NA,NA,NA,NA,NA,NA,NA,NA
71818,"wholeGenomeSeq","HiSeqX",NA,NA,NA,NA,NA,NA,NA,NA,NA,NA,NA
71819,"wholeGenomeSeq","HiSeqX",NA,NA,NA,NA,NA,NA,NA,NA,NA,NA,NA
71823,"wholeGenomeSeq","HiSeqX",NA,NA,NA,NA,NA,NA,NA,NA,NA,NA,NA
71824,"wholeGenomeSeq","HiSeqX",NA,NA,NA,NA,NA,NA,NA,NA,NA,NA,NA
71825,"wholeGenomeSeq","HiSeqX",NA,NA,NA,NA,NA,NA,NA,NA,NA,NA,NA
71826,"wholeGenomeSeq","HiSeqX",NA,NA,NA,NA,NA,NA,NA,NA,NA,NA,NA
71827,"wholeGenomeSeq","HiSeqX",NA,NA,NA,NA,NA,NA,NA,NA,NA,NA,NA
71828,"wholeGenomeSeq","HiSeqX",NA,NA,NA,NA,NA,NA,NA,NA,NA,NA,NA
71829,"wholeGenomeSeq","HiSeqX",NA,NA,NA,NA,NA,NA,NA,NA,NA,NA,NA
71830,"wholeGenomeSeq","HiSeqX",NA,NA,NA,NA,NA,NA,NA,NA,NA,NA,NA
71831,"wholeGenomeSeq","HiSeqX",NA,NA,NA,NA,NA,NA,NA,NA,NA,NA,NA
71832,"wholeGenomeSeq","HiSeqX",NA,NA,NA,NA,NA,NA,NA,NA,NA,NA,NA
71833,"wholeGenomeSeq","HiSeqX",NA,NA,NA,NA,NA,NA,NA,NA,NA,NA,NA
71834,"wholeGenomeSeq","HiSeqX",NA,NA,NA,NA,NA,NA,NA,NA,NA,NA,NA
71835,"wholeGenomeSeq","HiSeqX",NA,NA,NA,NA,NA,NA,NA,NA,NA,NA,NA
71836,"wholeGenomeSeq","HiSeqX",NA,NA,NA,NA,NA,NA,NA,NA,NA,NA,NA
71837,"wholeGenomeSeq","HiSeqX",NA,NA,NA,NA,NA,NA,NA,NA,NA,NA,NA
71838,"wholeGenomeSeq","HiSeqX",NA,NA,NA,NA,NA,NA,NA,NA,NA,NA,NA
71839,"wholeGenomeSeq","HiSeqX",NA,NA,NA,NA,NA,NA,NA,NA,NA,NA,NA
71841,"wholeGenomeSeq","HiSeqX",NA,NA,NA,NA,NA,NA,NA,NA,NA,NA,NA
71842,"wholeGenomeSeq","HiSeqX",NA,NA,NA,NA,NA,NA,NA,NA,NA,NA,NA
71843,"wholeGenomeSeq","HiSeqX",NA,NA,NA,NA,NA,NA,NA,NA,NA,NA,NA
71844,"wholeGenomeSeq","HiSeqX",NA,NA,NA,NA,NA,NA,NA,NA,NA,NA,NA
71845,"wholeGenomeSeq","HiSeqX",NA,NA,NA,NA,NA,NA,NA,NA,NA,NA,NA
71846,"wholeGenomeSeq","HiSeqX",NA,NA,NA,NA,NA,NA,NA,NA,NA,NA,NA
71847,"wholeGenomeSeq","HiSeqX",NA,NA,NA,NA,NA,NA,NA,NA,NA,NA,NA
71848,"wholeGenomeSeq","HiSeqX",NA,NA,NA,NA,NA,NA,NA,NA,NA,NA,NA
71849,"wholeGenomeSeq","HiSeqX",NA,NA,NA,NA,NA,NA,NA,NA,NA,NA,NA
71850,"wholeGenomeSeq","HiSeqX",NA,NA,NA,NA,NA,NA,NA,NA,NA,NA,NA
71851,"wholeGenomeSeq","HiSeqX",NA,NA,NA,NA,NA,NA,NA,NA,NA,NA,NA
71852,"wholeGenomeSeq","HiSeqX",NA,NA,NA,NA,NA,NA,NA,NA,NA,NA,NA
71853,"wholeGenomeSeq","HiSeqX",NA,NA,NA,NA,NA,NA,NA,NA,NA,NA,NA
71855,"wholeGenomeSeq","HiSeqX",NA,NA,NA,NA,NA,NA,NA,NA,NA,NA,NA
71856,"wholeGenomeSeq","HiSeqX",NA,NA,NA,NA,NA,NA,NA,NA,NA,NA,NA
71857,"wholeGenomeSeq","HiSeqX",NA,NA,NA,NA,NA,NA,NA,NA,NA,NA,NA
71858,"wholeGenomeSeq","HiSeqX",NA,NA,NA,NA,NA,NA,NA,NA,NA,NA,NA
71859,"wholeGenomeSeq","HiSeqX",NA,NA,NA,NA,NA,NA,NA,NA,NA,NA,NA
71860,"wholeGenomeSeq","HiSeqX",NA,NA,NA,NA,NA,NA,NA,NA,NA,NA,NA
71861,"wholeGenomeSeq","HiSeqX",NA,NA,NA,NA,NA,NA,NA,NA,NA,NA,NA
71862,"wholeGenomeSeq","HiSeqX",NA,NA,NA,NA,NA,NA,NA,NA,NA,NA,NA
71863,"wholeGenomeSeq","HiSeqX",NA,NA,NA,NA,NA,NA,NA,NA,NA,NA,NA
71865,"wholeGenomeSeq","HiSeqX",NA,NA,NA,NA,NA,NA,NA,NA,NA,NA,NA
71866,"wholeGenomeSeq","HiSeqX",NA,NA,NA,NA,NA,NA,NA,NA,NA,NA,NA
71867,"wholeGenomeSeq","HiSeqX",NA,NA,NA,NA,NA,NA,NA,NA,NA,NA,NA
71868,"wholeGenomeSeq","HiSeqX",NA,NA,NA,NA,NA,NA,NA,NA,NA,NA,NA
71870,"wholeGenomeSeq","HiSeqX",NA,NA,NA,NA,NA,NA,NA,NA,NA,NA,NA
71871,"wholeGenomeSeq","HiSeqX",NA,NA,NA,NA,NA,NA,NA,NA,NA,NA,NA
71873,"wholeGenomeSeq","HiSeqX",NA,NA,NA,NA,NA,NA,NA,NA,NA,NA,NA
71875,"wholeGenomeSeq","HiSeqX",NA,NA,NA,NA,NA,NA,NA,NA,NA,NA,NA
71876,"wholeGenomeSeq","HiSeqX",NA,NA,NA,NA,NA,NA,NA,NA,NA,NA,NA
71877,"wholeGenomeSeq","HiSeqX",NA,NA,NA,NA,NA,NA,NA,NA,NA,NA,NA
71878,"wholeGenomeSeq","HiSeqX",NA,NA,NA,NA,NA,NA,NA,NA,NA,NA,NA
71879,"wholeGenomeSeq","HiSeqX",NA,NA,NA,NA,NA,NA,NA,NA,NA,NA,NA
71880,"wholeGenomeSeq","HiSeqX",NA,NA,NA,NA,NA,NA,NA,NA,NA,NA,NA
71881,"wholeGenomeSeq","HiSeqX",NA,NA,NA,NA,NA,NA,NA,NA,NA,NA,NA
71882,"wholeGenomeSeq","HiSeqX",NA,NA,NA,NA,NA,NA,NA,NA,NA,NA,NA
71883,"wholeGenomeSeq","HiSeqX",NA,NA,NA,NA,NA,NA,NA,NA,NA,NA,NA
71884,"wholeGenomeSeq","HiSeqX",NA,NA,NA,NA,NA,NA,NA,NA,NA,NA,NA
71885,"wholeGenomeSeq","HiSeqX",NA,NA,NA,NA,NA,NA,NA,NA,NA,NA,NA
71886,"wholeGenomeSeq","HiSeqX",NA,NA,NA,NA,NA,NA,NA,NA,NA,NA,NA
71887,"wholeGenomeSeq","HiSeqX",NA,NA,NA,NA,NA,NA,NA,NA,NA,NA,NA
71889,"wholeGenomeSeq","HiSeqX",NA,NA,NA,NA,NA,NA,NA,NA,NA,NA,NA
71890,"wholeGenomeSeq","HiSeqX",NA,NA,NA,NA,NA,NA,NA,NA,NA,NA,NA
71891,"wholeGenomeSeq","HiSeqX",NA,NA,NA,NA,NA,NA,NA,NA,NA,NA,NA
71892,"wholeGenomeSeq","HiSeqX",NA,NA,NA,NA,NA,NA,NA,NA,NA,NA,NA
71893,"wholeGenomeSeq","HiSeqX",NA,NA,NA,NA,NA,NA,NA,NA,NA,NA,NA
71895,"wholeGenomeSeq","HiSeqX",NA,NA,NA,NA,NA,NA,NA,NA,NA,NA,NA
71896,"wholeGenomeSeq","HiSeqX",NA,NA,NA,NA,NA,NA,NA,NA,NA,NA,NA
71897,"wholeGenomeSeq","HiSeqX",NA,NA,NA,NA,NA,NA,NA,NA,NA,NA,NA
71898,"wholeGenomeSeq","HiSeqX",NA,NA,NA,NA,NA,NA,NA,NA,NA,NA,NA
71899,"wholeGenomeSeq","HiSeqX",NA,NA,NA,NA,NA,NA,NA,NA,NA,NA,NA
71900,"wholeGenomeSeq","HiSeqX",NA,NA,NA,NA,NA,NA,NA,NA,NA,NA,NA
71901,"wholeGenomeSeq","HiSeqX",NA,NA,NA,NA,NA,NA,NA,NA,NA,NA,NA
71902,"wholeGenomeSeq","HiSeqX",NA,NA,NA,NA,NA,NA,NA,NA,NA,NA,NA
71903,"wholeGenomeSeq","HiSeqX",NA,NA,NA,NA,NA,NA,NA,NA,NA,NA,NA
71904,"wholeGenomeSeq","HiSeqX",NA,NA,NA,NA,NA,NA,NA,NA,NA,NA,NA
71906,"wholeGenomeSeq","HiSeqX",NA,NA,NA,NA,NA,NA,NA,NA,NA,NA,NA
71907,"wholeGenomeSeq","HiSeqX",NA,NA,NA,NA,NA,NA,NA,NA,NA,NA,NA
71908,"wholeGenomeSeq","HiSeqX",NA,NA,NA,NA,NA,NA,NA,NA,NA,NA,NA
71909,"wholeGenomeSeq","HiSeqX",NA,NA,NA,NA,NA,NA,NA,NA,NA,NA,NA
71910,"wholeGenomeSeq","HiSeqX",NA,NA,NA,NA,NA,NA,NA,NA,NA,NA,NA
71911,"wholeGenomeSeq","HiSeqX",NA,NA,NA,NA,NA,NA,NA,NA,NA,NA,NA
71912,"wholeGenomeSeq","HiSeqX",NA,NA,NA,NA,NA,NA,NA,NA,NA,NA,NA
71913,"wholeGenomeSeq","HiSeqX",NA,NA,NA,NA,NA,NA,NA,NA,NA,NA,NA
71915,"wholeGenomeSeq","HiSeqX",NA,NA,NA,NA,NA,NA,NA,NA,NA,NA,NA
71916,"wholeGenomeSeq","HiSeqX",NA,NA,NA,NA,NA,NA,NA,NA,NA,NA,NA
71917,"wholeGenomeSeq","HiSeqX",NA,NA,NA,NA,NA,NA,NA,NA,NA,NA,NA
71918,"wholeGenomeSeq","HiSeqX",NA,NA,NA,NA,NA,NA,NA,NA,NA,NA,NA
71919,"wholeGenomeSeq","HiSeqX",NA,NA,NA,NA,NA,NA,NA,NA,NA,NA,NA
71920,"wholeGenomeSeq","HiSeqX",NA,NA,NA,NA,NA,NA,NA,NA,NA,NA,NA
71922,"wholeGenomeSeq","HiSeqX",NA,NA,NA,NA,NA,NA,NA,NA,NA,NA,NA
71923,"wholeGenomeSeq","HiSeqX",NA,NA,NA,NA,NA,NA,NA,NA,NA,NA,NA
71924,"wholeGenomeSeq","HiSeqX",NA,NA,NA,NA,NA,NA,NA,NA,NA,NA,NA
71925,"wholeGenomeSeq","HiSeqX",NA,NA,NA,NA,NA,NA,NA,NA,NA,NA,NA
71926,"wholeGenomeSeq","HiSeqX",NA,NA,NA,NA,NA,NA,NA,NA,NA,NA,NA
71927,"wholeGenomeSeq","HiSeqX",NA,NA,NA,NA,NA,NA,NA,NA,NA,NA,NA
71928,"wholeGenomeSeq","HiSeqX",NA,NA,NA,NA,NA,NA,NA,NA,NA,NA,NA
71929,"wholeGenomeSeq","HiSeqX",NA,NA,NA,NA,NA,NA,NA,NA,NA,NA,NA
71930,"wholeGenomeSeq","HiSeqX",NA,NA,NA,NA,NA,NA,NA,NA,NA,NA,NA
71931,"wholeGenomeSeq","HiSeqX",NA,NA,NA,NA,NA,NA,NA,NA,NA,NA,NA
71932,"wholeGenomeSeq","HiSeqX",NA,NA,NA,NA,NA,NA,NA,NA,NA,NA,NA
71933,"wholeGenomeSeq","HiSeqX",NA,NA,NA,NA,NA,NA,NA,NA,NA,NA,NA
71934,"wholeGenomeSeq","HiSeqX",NA,NA,NA,NA,NA,NA,NA,NA,NA,NA,NA
71935,"wholeGenomeSeq","HiSeqX",NA,NA,NA,NA,NA,NA,NA,NA,NA,NA,NA
71936,"wholeGenomeSeq","HiSeqX",NA,NA,NA,NA,NA,NA,NA,NA,NA,NA,NA
71937,"wholeGenomeSeq","HiSeqX",NA,NA,NA,NA,NA,NA,NA,NA,NA,NA,NA
71938,"wholeGenomeSeq","HiSeqX",NA,NA,NA,NA,NA,NA,NA,NA,NA,NA,NA
71939,"wholeGenomeSeq","HiSeqX",NA,NA,NA,NA,NA,NA,NA,NA,NA,NA,NA
71940,"wholeGenomeSeq","HiSeqX",NA,NA,NA,NA,NA,NA,NA,NA,NA,NA,NA
71941,"wholeGenomeSeq","HiSeqX",NA,NA,NA,NA,NA,NA,NA,NA,NA,NA,NA
71942,"wholeGenomeSeq","HiSeqX",NA,NA,NA,NA,NA,NA,NA,NA,NA,NA,NA
71943,"wholeGenomeSeq","HiSeqX",NA,NA,NA,NA,NA,NA,NA,NA,NA,NA,NA
71944,"wholeGenomeSeq","HiSeqX",NA,NA,NA,NA,NA,NA,NA,NA,NA,NA,NA
71945,"wholeGenomeSeq","HiSeqX",NA,NA,NA,NA,NA,NA,NA,NA,NA,NA,NA
71946,"wholeGenomeSeq","HiSeqX",NA,NA,NA,NA,NA,NA,NA,NA,NA,NA,NA
71947,"wholeGenomeSeq","HiSeqX",NA,NA,NA,NA,NA,NA,NA,NA,NA,NA,NA
71948,"wholeGenomeSeq","HiSeqX",NA,NA,NA,NA,NA,NA,NA,NA,NA,NA,NA
71949,"wholeGenomeSeq","HiSeqX",NA,NA,NA,NA,NA,NA,NA,NA,NA,NA,NA
71950,"wholeGenomeSeq","HiSeqX",NA,NA,NA,NA,NA,NA,NA,NA,NA,NA,NA
71951,"wholeGenomeSeq","HiSeqX",NA,NA,NA,NA,NA,NA,NA,NA,NA,NA,NA
71952,"wholeGenomeSeq","HiSeqX",NA,NA,NA,NA,NA,NA,NA,NA,NA,NA,NA
71954,"wholeGenomeSeq","HiSeqX",NA,NA,NA,NA,NA,NA,NA,NA,NA,NA,NA
71955,"wholeGenomeSeq","HiSeqX",NA,NA,NA,NA,NA,NA,NA,NA,NA,NA,NA
71956,"wholeGenomeSeq","HiSeqX",NA,NA,NA,NA,NA,NA,NA,NA,NA,NA,NA
71958,"wholeGenomeSeq","HiSeqX",NA,NA,NA,NA,NA,NA,NA,NA,NA,NA,NA
71959,"wholeGenomeSeq","HiSeqX",NA,NA,NA,NA,NA,NA,NA,NA,NA,NA,NA
71960,"wholeGenomeSeq","HiSeqX",NA,NA,NA,NA,NA,NA,NA,NA,NA,NA,NA
71961,"wholeGenomeSeq","HiSeqX",NA,NA,NA,NA,NA,NA,NA,NA,NA,NA,NA
71962,"wholeGenomeSeq","HiSeqX",NA,NA,NA,NA,NA,NA,NA,NA,NA,NA,NA
71963,"wholeGenomeSeq","HiSeqX",NA,NA,NA,NA,NA,NA,NA,NA,NA,NA,NA
71964,"wholeGenomeSeq","HiSeqX",NA,NA,NA,NA,NA,NA,NA,NA,NA,NA,NA
71965,"wholeGenomeSeq","HiSeqX",NA,NA,NA,NA,NA,NA,NA,NA,NA,NA,NA
71966,"wholeGenomeSeq","HiSeqX",NA,NA,NA,NA,NA,NA,NA,NA,NA,NA,NA
71967,"wholeGenomeSeq","HiSeqX",NA,NA,NA,NA,NA,NA,NA,NA,NA,NA,NA
71968,"wholeGenomeSeq","HiSeqX",NA,NA,NA,NA,NA,NA,NA,NA,NA,NA,NA
71969,"wholeGenomeSeq","HiSeqX",NA,NA,NA,NA,NA,NA,NA,NA,NA,NA,NA
71970,"wholeGenomeSeq","HiSeqX",NA,NA,NA,NA,NA,NA,NA,NA,NA,NA,NA
71971,"wholeGenomeSeq","HiSeqX",NA,NA,NA,NA,NA,NA,NA,NA,NA,NA,NA
71972,"wholeGenomeSeq","HiSeqX",NA,NA,NA,NA,NA,NA,NA,NA,NA,NA,NA
71973,"wholeGenomeSeq","HiSeqX",NA,NA,NA,NA,NA,NA,NA,NA,NA,NA,NA
71974,"wholeGenomeSeq","HiSeqX",NA,NA,NA,NA,NA,NA,NA,NA,NA,NA,NA
71975,"wholeGenomeSeq","HiSeqX",NA,NA,NA,NA,NA,NA,NA,NA,NA,NA,NA
71976,"wholeGenomeSeq","HiSeqX",NA,NA,NA,NA,NA,NA,NA,NA,NA,NA,NA
71977,"wholeGenomeSeq","HiSeqX",NA,NA,NA,NA,NA,NA,NA,NA,NA,NA,NA
71978,"wholeGenomeSeq","HiSeqX",NA,NA,NA,NA,NA,NA,NA,NA,NA,NA,NA
71979,"wholeGenomeSeq","HiSeqX",NA,NA,NA,NA,NA,NA,NA,NA,NA,NA,NA
71980,"wholeGenomeSeq","HiSeqX",NA,NA,NA,NA,NA,NA,NA,NA,NA,NA,NA
71981,"wholeGenomeSeq","HiSeqX",NA,NA,NA,NA,NA,NA,NA,NA,NA,NA,NA
71982,"wholeGenomeSeq","HiSeqX",NA,NA,NA,NA,NA,NA,NA,NA,NA,NA,NA
71983,"wholeGenomeSeq","HiSeqX",NA,NA,NA,NA,NA,NA,NA,NA,NA,NA,NA
71984,"wholeGenomeSeq","HiSeqX",NA,NA,NA,NA,NA,NA,NA,NA,NA,NA,NA
71985,"wholeGenomeSeq","HiSeqX",NA,NA,NA,NA,NA,NA,NA,NA,NA,NA,NA
71986,"wholeGenomeSeq","HiSeqX",NA,NA,NA,NA,NA,NA,NA,NA,NA,NA,NA
71987,"wholeGenomeSeq","HiSeqX",NA,NA,NA,NA,NA,NA,NA,NA,NA,NA,NA
71988,"wholeGenomeSeq","HiSeqX",NA,NA,NA,NA,NA,NA,NA,NA,NA,NA,NA
71989,"wholeGenomeSeq","HiSeqX",NA,NA,NA,NA,NA,NA,NA,NA,NA,NA,NA
71991,"wholeGenomeSeq","HiSeqX",NA,NA,NA,NA,NA,NA,NA,NA,NA,NA,NA
71992,"wholeGenomeSeq","HiSeqX",NA,NA,NA,NA,NA,NA,NA,NA,NA,NA,NA
71993,"wholeGenomeSeq","HiSeqX",NA,NA,NA,NA,NA,NA,NA,NA,NA,NA,NA
71994,"wholeGenomeSeq","HiSeqX",NA,NA,NA,NA,NA,NA,NA,NA,NA,NA,NA
71995,"wholeGenomeSeq","HiSeqX",NA,NA,NA,NA,NA,NA,NA,NA,NA,NA,NA
71996,"wholeGenomeSeq","HiSeqX",NA,NA,NA,NA,NA,NA,NA,NA,NA,NA,NA
74458,"wholeGenomeSeq","HiSeqX",NA,NA,NA,NA,NA,NA,NA,NA,NA,NA,NA
76348,"wholeGenomeSeq","HiSeqX",NA,NA,NA,NA,NA,NA,NA,NA,NA,NA,NA
76349,"wholeGenomeSeq","HiSeqX",NA,NA,NA,NA,NA,NA,NA,NA,NA,NA,NA
76350,"wholeGenomeSeq","HiSeqX",NA,NA,NA,NA,NA,NA,NA,NA,NA,NA,NA
76351,"wholeGenomeSeq","HiSeqX",NA,NA,NA,NA,NA,NA,NA,NA,NA,NA,NA
76352,"wholeGenomeSeq","HiSeqX",NA,NA,NA,NA,NA,NA,NA,NA,NA,NA,NA
76353,"wholeGenomeSeq","HiSeqX",NA,NA,NA,NA,NA,NA,NA,NA,NA,NA,NA
76354,"wholeGenomeSeq","HiSeqX",NA,NA,NA,NA,NA,NA,NA,NA,NA,NA,NA
76655,"wholeGenomeSeq","HiSeqX",NA,NA,NA,NA,NA,NA,NA,NA,NA,NA,NA
